{
    "dense_consonant_accuracy": [
        0.6831881999969482,
        0.7643314599990845,
        0.7903246283531189,
        0.7998433709144592,
        0.8004627823829651,
        0.803153932094574,
        0.8001495003700256,
        0.7976149916648865,
        0.7952868938446045,
        0.7908443808555603
    ],
    "dense_consonant_loss": [
        0.9248408675193787,
        0.6768046617507935,
        0.6099839210510254,
        0.5884692072868347,
        0.5844443440437317,
        0.5776143670082092,
        0.5837028622627258,
        0.5904303193092346,
        0.5997111797332764,
        0.6127039790153503
    ],
    "dense_root_accuracy": [
        0.0519694909453392,
        0.14945180714130402,
        0.2300797402858734,
        0.2711590528488159,
        0.29243913292884827,
        0.3072262704372406,
        0.3168090581893921,
        0.3176420331001282,
        0.3070696294307709,
        0.3066994249820709
    ],
    "dense_root_loss": [
        4.433084964752197,
        3.5343527793884277,
        3.045389175415039,
        2.8344461917877197,
        2.743638038635254,
        2.674077272415161,
        2.6321990489959717,
        2.6527369022369385,
        2.706040859222412,
        2.708946466445923
    ],
    "dense_vowel_accuracy": [
        0.5690744519233704,
        0.7083796262741089,
        0.7367079854011536,
        0.7379609942436218,
        0.7457283139228821,
        0.7467036843299866,
        0.7473016977310181,
        0.738010823726654,
        0.7286416292190552,
        0.7292823791503906
    ],
    "dense_vowel_loss": [
        1.248612880706787,
        0.8641750812530518,
        0.7963583469390869,
        0.7907280921936035,
        0.7677573561668396,
        0.764240562915802,
        0.7575225830078125,
        0.7894336581230164,
        0.8133227229118347,
        0.8074884414672852
    ],
    "loss": [
        6.606540639109516,
        5.07509260961138,
        4.451884964024021,
        4.213268436136942,
        4.0959538512601315,
        4.0157697032459705,
        3.973498008544164,
        4.032908889769693,
        4.118940134481641,
        4.129021250330857
    ],
    "lr": [
        0.0010000000474974513,
        0.0010000000474974513,
        0.0010000000474974513,
        0.0010000000474974513,
        0.0010000000474974513,
        0.0010000000474974513,
        0.0010000000474974513,
        0.0010000000474974513,
        0.0010000000474974513,
        0.0010000000474974513
    ],
    "val_dense_consonant_accuracy": [
        0.785969078540802,
        0.847750723361969,
        0.8657600283622742,
        0.8705162405967712,
        0.8664536476135254,
        0.8588981628417969,
        0.8729439377784729,
        0.8657600283622742,
        0.8652893304824829,
        0.8492618203163147
    ],
    "val_dense_consonant_loss": [
        0.5856812000274658,
        0.4417532980442047,
        0.3933160603046417,
        0.3826565742492676,
        0.4047029912471771,
        0.3978138864040375,
        0.3812042474746704,
        0.4012116491794586,
        0.411536306142807,
        0.44006043672561646
    ],
    "val_dense_root_accuracy": [
        0.12809650599956512,
        0.2789338231086731,
        0.3678904175758362,
        0.40559354424476624,
        0.4050237834453583,
        0.44290032982826233,
        0.46586406230926514,
        0.4213238060474396,
        0.42996928095817566,
        0.4062376022338867
    ],
    "val_dense_root_loss": [
        3.6064834594726562,
        2.724623203277588,
        2.3117361068725586,
        2.159069299697876,
        2.1445255279541016,
        1.9956257343292236,
        1.9241682291030884,
        2.1064000129699707,
        2.06792950630188,
        2.1851003170013428
    ],
    "val_dense_vowel_accuracy": [
        0.7934998273849487,
        0.831946074962616,
        0.8572879433631897,
        0.8494599461555481,
        0.8592201471328735,
        0.8651406764984131,
        0.8623909950256348,
        0.8474534153938293,
        0.849534273147583,
        0.8403686285018921
    ],
    "val_dense_vowel_loss": [
        0.6122921109199524,
        0.5176458358764648,
        0.4463450610637665,
        0.4605182707309723,
        0.4545946717262268,
        0.4259546995162964,
        0.43852102756500244,
        0.480750173330307,
        0.47446373105049133,
        0.4927724003791809
    ],
    "val_loss": [
        4.804642104837945,
        3.6842083414064906,
        3.1517476966538887,
        3.0018980587185538,
        3.0036022907866404,
        2.8191523928043156,
        2.7439826623438086,
        2.988316648780378,
        2.953148071415312,
        3.118041032843301
    ]
}