{
    "dense_consonant_accuracy": [
        0.6691925525665283,
        0.7749907374382019,
        0.8200481534004211,
        0.8383761644363403,
        0.8472978472709656,
        0.8508322834968567,
        0.8538323640823364,
        0.8569464087486267,
        0.8562195301055908,
        0.8560556173324585
    ],
    "dense_consonant_loss": [
        0.9803644418716431,
        0.6439511179924011,
        0.533479630947113,
        0.48212048411369324,
        0.45836225152015686,
        0.4484354853630066,
        0.4400292634963989,
        0.4305652678012848,
        0.4291445016860962,
        0.4325959086418152
    ],
    "dense_root_accuracy": [
        0.04082707315683365,
        0.14762134850025177,
        0.2953495979309082,
        0.38916996121406555,
        0.4417809247970581,
        0.46739161014556885,
        0.49126356840133667,
        0.5036770105361938,
        0.5155203342437744,
        0.509833812713623
    ],
    "dense_root_loss": [
        4.571709632873535,
        3.558694362640381,
        2.6960859298706055,
        2.273087739944458,
        2.0582327842712402,
        1.9583179950714111,
        1.8673300743103027,
        1.8188612461090088,
        1.7820773124694824,
        1.7987054586410522
    ],
    "dense_vowel_accuracy": [
        0.5245261192321777,
        0.7334820032119751,
        0.7753185033798218,
        0.7956275343894958,
        0.8074922561645508,
        0.8083829879760742,
        0.8117393255233765,
        0.8145469427108765,
        0.8163070678710938,
        0.8163782954216003
    ],
    "dense_vowel_loss": [
        1.365631341934204,
        0.8096767663955688,
        0.6909680366516113,
        0.627878725528717,
        0.5956601500511169,
        0.5916104912757874,
        0.5774439573287964,
        0.571513295173645,
        0.566848874092102,
        0.5690808892250061
    ],
    "loss": [
        6.917705633166927,
        5.01089561433751,
        3.92042490380814,
        3.3825474071029693,
        3.112502285560432,
        2.997170496064411,
        2.884883088403365,
        2.821095350323295,
        2.7783760707041245,
        2.8007468837793708
    ],
    "lr": [
        0.0010000000474974513,
        0.0010000000474974513,
        0.0010000000474974513,
        0.0010000000474974513,
        0.0010000000474974513,
        0.0010000000474974513,
        0.0010000000474974513,
        0.0010000000474974513,
        0.0010000000474974513,
        0.0010000000474974513
    ],
    "val_dense_consonant_accuracy": [
        0.7800980806350708,
        0.8654131889343262,
        0.892315685749054,
        0.9006391167640686,
        0.9036861062049866,
        0.9119599461555481,
        0.9155271649360657,
        0.9155271649360657,
        0.9129756093025208,
        0.9164437055587769
    ],
    "val_dense_consonant_loss": [
        0.5775768160820007,
        0.39295676350593567,
        0.33212265372276306,
        0.30501800775527954,
        0.2953811287879944,
        0.2683678865432739,
        0.2620307207107544,
        0.25777456164360046,
        0.26240038871765137,
        0.2580454647541046
    ],
    "val_dense_root_accuracy": [
        0.0951743945479393,
        0.3151753842830658,
        0.4703477919101715,
        0.5592300891876221,
        0.587049126625061,
        0.6214823722839355,
        0.6475425958633423,
        0.6613406538963318,
        0.660250723361969,
        0.6606222987174988
    ],
    "val_dense_root_loss": [
        3.9248926639556885,
        2.547297239303589,
        1.880446195602417,
        1.5572359561920166,
        1.4329555034637451,
        1.3172160387039185,
        1.2277244329452515,
        1.2022557258605957,
        1.1852765083312988,
        1.192442536354065
    ],
    "val_dense_vowel_accuracy": [
        0.8102457523345947,
        0.863084614276886,
        0.8824564218521118,
        0.8969480991363525,
        0.8980380296707153,
        0.9067330360412598,
        0.9102259278297424,
        0.9066091775894165,
        0.9124306440353394,
        0.9111672639846802
    ],
    "val_dense_vowel_loss": [
        0.5755183696746826,
        0.44098034501075745,
        0.37686893343925476,
        0.3396792709827423,
        0.3214971423149109,
        0.31292057037353516,
        0.29610347747802734,
        0.30362018942832947,
        0.29267287254333496,
        0.29131489992141724
    ],
    "val_loss": [
        5.078470833945076,
        3.381886835472479,
        2.5897072538987445,
        2.2023288610196046,
        2.0501651483729297,
        1.8989004328096852,
        1.786247753265402,
        1.764242052370435,
        1.7407021892954326,
        1.7423296066867044
    ]
}