{
    "dense_consonant_accuracy": [
        0.7153489589691162,
        0.830986499786377,
        0.8645355105400085,
        0.8792933821678162,
        0.8850440382957458,
        0.8889134526252747,
        0.8886640071868896,
        0.8907376527786255,
        0.8902531266212463,
        0.8910797238349915
    ],
    "dense_consonant_loss": [
        0.8337407112121582,
        0.5041878819465637,
        0.410670667886734,
        0.3695290684700012,
        0.34943297505378723,
        0.34197208285331726,
        0.337189257144928,
        0.33394184708595276,
        0.33507055044174194,
        0.3337043225765228
    ],
    "dense_root_accuracy": [
        0.08045167475938797,
        0.3248724341392517,
        0.4970569908618927,
        0.5793760418891907,
        0.6145996451377869,
        0.6340250372886658,
        0.6380725502967834,
        0.648861289024353,
        0.6514408588409424,
        0.6503862142562866
    ],
    "dense_root_loss": [
        4.170259475708008,
        2.5790419578552246,
        1.8359626531600952,
        1.528229832649231,
        1.39825439453125,
        1.3231263160705566,
        1.3042891025543213,
        1.2676481008529663,
        1.2556109428405762,
        1.2657874822616577
    ],
    "dense_vowel_accuracy": [
        0.6243026852607727,
        0.7825086116790771,
        0.8223356008529663,
        0.8457515239715576,
        0.8535187840461731,
        0.8561625480651855,
        0.8574166893959045,
        0.8594689965248108,
        0.8620628118515015,
        0.8589202761650085
    ],
    "dense_vowel_loss": [
        1.1010299921035767,
        0.6647822856903076,
        0.5519440174102783,
        0.4854833483695984,
        0.460762083530426,
        0.4489850103855133,
        0.4465622901916504,
        0.4434627890586853,
        0.43570005893707275,
        0.4455600082874298
    ],
    "loss": [
        6.1050280465020075,
        3.7464013426006817,
        2.7972903465445187,
        2.3811351258864213,
        2.2088770202610024,
        2.1144701957437597,
        2.086568362553226,
        2.0446365771222825,
        2.0265459703161586,
        2.044966940284098
    ],
    "lr": [
        0.0010000000474974513,
        0.0010000000474974513,
        0.0010000000474974513,
        0.0010000000474974513,
        0.0010000000474974513,
        0.0010000000474974513,
        0.0010000000474974513,
        0.0010000000474974513,
        0.0010000000474974513,
        0.0010000000474974513
    ],
    "val_dense_consonant_accuracy": [
        0.8487663269042969,
        0.9051228761672974,
        0.9190695881843567,
        0.9246432781219482,
        0.9329419136047363,
        0.9312326312065125,
        0.9362366199493408,
        0.9355430006980896,
        0.9318767189979553,
        0.9359889030456543
    ],
    "val_dense_consonant_loss": [
        0.4412265121936798,
        0.2957174777984619,
        0.2500893771648407,
        0.229720339179039,
        0.21244363486766815,
        0.21328191459178925,
        0.20331868529319763,
        0.20585395395755768,
        0.21128956973552704,
        0.20260491967201233
    ],
    "val_dense_root_accuracy": [
        0.23062822222709656,
        0.5351516008377075,
        0.6606222987174988,
        0.7138079404830933,
        0.7294144034385681,
        0.7429647445678711,
        0.7485632300376892,
        0.7601070404052734,
        0.7560443878173828,
        0.7628071904182434
    ],
    "val_dense_root_loss": [
        2.9886224269866943,
        1.636429786682129,
        1.1969642639160156,
        1.022706389427185,
        0.9661627411842346,
        0.9072456955909729,
        0.8881219029426575,
        0.8599123358726501,
        0.8690063953399658,
        0.8313584923744202
    ],
    "val_dense_vowel_accuracy": [
        0.8262980580329895,
        0.8921918272972107,
        0.9073275923728943,
        0.9225128889083862,
        0.9261048436164856,
        0.9340319037437439,
        0.9331896305084229,
        0.9313812851905823,
        0.932174026966095,
        0.9329419136047363
    ],
    "val_dense_vowel_loss": [
        0.539808452129364,
        0.347901314496994,
        0.30104631185531616,
        0.2552106976509094,
        0.24572929739952087,
        0.22504085302352905,
        0.22552786767482758,
        0.2293962687253952,
        0.22647693753242493,
        0.22533859312534332
    ],
    "val_loss": [
        3.9698780708449064,
        2.2804799870843695,
        1.748372361010802,
        1.508048933789317,
        1.4244906141603932,
        1.345772949845083,
        1.317107689319222,
        1.2955239913409728,
        1.3070747534811993,
        1.2595766168523297
    ]
}