{
    "dense_consonant_accuracy": [
        0.6386469602584839,
        0.7119972705841064,
        0.7446840405464172,
        0.62168288230896,
        0.624590277671814,
        0.6251175999641418,
        0.6251246929168701,
        0.6249322891235352,
        0.6245261430740356,
        0.6252672076225281
    ],
    "dense_consonant_loss": [
        1.1093608140945435,
        0.8235564827919006,
        0.7246729731559753,
        1.255475401878357,
        1.219467282295227,
        1.2157436609268188,
        1.214453935623169,
        1.2144733667373657,
        1.2129855155944824,
        1.2095307111740112
    ],
    "dense_root_accuracy": [
        0.0368923619389534,
        0.1035686805844307,
        0.16641250252723694,
        0.025425419211387634,
        0.023330388590693474,
        0.024000227451324463,
        0.02394322119653225,
        0.02427813969552517,
        0.02481258660554886,
        0.024727076292037964
    ],
    "dense_root_loss": [
        4.613177299499512,
        3.928417921066284,
        3.462066173553467,
        4.814720153808594,
        4.812802314758301,
        4.804044246673584,
        4.803223609924316,
        4.793560981750488,
        4.795528888702393,
        4.79146671295166
    ],
    "dense_vowel_accuracy": [
        0.42001792788505554,
        0.6235356330871582,
        0.6821109652519226,
        0.19547216594219208,
        0.1904127299785614,
        0.1922227293252945,
        0.19120371341705322,
        0.19252201914787292,
        0.19310635328292847,
        0.19307072460651398
    ],
    "dense_vowel_loss": [
        1.6369445323944092,
        1.0972322225570679,
        0.934501051902771,
        2.1920435428619385,
        2.164186477661133,
        2.159116268157959,
        2.159508466720581,
        2.1556646823883057,
        2.153597116470337,
        2.1531505584716797
    ],
    "loss": [
        7.359482928486252,
        5.848872876502332,
        5.120789958233063,
        8.267190512836658,
        8.196236965182814,
        8.178773634647747,
        8.17694649904167,
        8.16385604170224,
        8.162139196330362,
        8.15414543098576
    ],
    "lr": [
        0.0020000000949949026,
        0.0020000000949949026,
        0.0020000000949949026,
        0.0020000000949949026,
        0.0020000000949949026,
        0.0020000000949949026,
        0.0020000000949949026,
        0.0020000000949949026,
        0.0020000000949949026,
        0.0020000000949949026
    ],
    "val_dense_consonant_accuracy": [
        0.6870788931846619,
        0.7624108195304871,
        0.8070749044418335,
        0.6201198697090149,
        0.6201198697090149,
        0.6201198697090149,
        0.6201198697090149,
        0.6201198697090149,
        0.6201198697090149,
        0.6201198697090149
    ],
    "val_dense_consonant_loss": [
        0.8412973880767822,
        0.6589599847793579,
        0.544544517993927,
        1.212827444076538,
        1.2173157930374146,
        1.2238335609436035,
        1.2326678037643433,
        1.2308703660964966,
        1.2132453918457031,
        1.2108304500579834
    ],
    "val_dense_root_accuracy": [
        0.07721462845802307,
        0.16874752938747406,
        0.2461850941181183,
        0.027174990624189377,
        0.02786860801279545,
        0.025069361552596092,
        0.02231965959072113,
        0.027174990624189377,
        0.017464328557252884,
        0.02231965959072113
    ],
    "val_dense_root_loss": [
        4.114812850952148,
        3.3503711223602295,
        2.9357240200042725,
        4.812905311584473,
        4.76628303527832,
        4.757361888885498,
        4.774273872375488,
        4.788874626159668,
        4.806513786315918,
        4.772154331207275
    ],
    "val_dense_vowel_accuracy": [
        0.6854439377784729,
        0.75022292137146,
        0.7966210842132568,
        0.20446889102458954,
        0.18390804529190063,
        0.20446889102458954,
        0.18390804529190063,
        0.18390804529190063,
        0.18390804529190063,
        0.12869104743003845
    ],
    "val_dense_vowel_loss": [
        0.8979244232177734,
        0.7300342321395874,
        0.6152505278587341,
        2.171931028366089,
        2.1497926712036133,
        2.149296522140503,
        2.1726303100585938,
        2.199838161468506,
        2.164264678955078,
        2.175640344619751
    ],
    "val_loss": [
        5.854254639436931,
        4.739547931151026,
        4.096032792407749,
        8.197775807117972,
        8.133577982206644,
        8.130616385739236,
        8.179769855428205,
        8.219748488315457,
        8.184191869734962,
        8.158621960389345
    ]
}