{
    "dense_consonant_accuracy": [
        0.697895348072052,
        0.8630889654159546,
        0.9112604260444641,
        0.9302796125411987,
        0.9382820725440979,
        0.9446740746498108,
        0.9485790729522705,
        0.952241837978363,
        0.9546005129814148,
        0.9562893509864807
    ],
    "dense_consonant_loss": [
        0.8882965445518494,
        0.4144565165042877,
        0.2754806578159332,
        0.21883250772953033,
        0.1959201544523239,
        0.1767178326845169,
        0.1653704196214676,
        0.15413270890712738,
        0.1462802290916443,
        0.14190903306007385
    ],
    "dense_root_accuracy": [
        0.07396259903907776,
        0.4412250816822052,
        0.695065975189209,
        0.7814611196517944,
        0.8174115419387817,
        0.8406065702438354,
        0.8541173934936523,
        0.865632951259613,
        0.8734928369522095,
        0.8824929594993591
    ],
    "dense_root_loss": [
        4.220695495605469,
        2.0292630195617676,
        1.0757369995117188,
        0.7771514058113098,
        0.6468169093132019,
        0.5702692270278931,
        0.5161373615264893,
        0.4717470109462738,
        0.44586291909217834,
        0.41697704792022705
    ],
    "dense_vowel_accuracy": [
        0.5935649871826172,
        0.8123521208763123,
        0.8793005347251892,
        0.906122624874115,
        0.9170538187026978,
        0.9250277876853943,
        0.9315765500068665,
        0.9347404837608337,
        0.9398355484008789,
        0.9410611987113953
    ],
    "dense_vowel_loss": [
        1.1938163042068481,
        0.5753790736198425,
        0.38924822211265564,
        0.3110188841819763,
        0.2791626751422882,
        0.2526896595954895,
        0.2321145087480545,
        0.22116008400917053,
        0.20616810023784637,
        0.20065899193286896
    ],
    "loss": [
        6.302807541275719,
        3.017706606076367,
        1.7401191208166384,
        1.3069140822824288,
        1.1217509101571594,
        0.9994298578025617,
        0.9142754013435811,
        0.8472784278592114,
        0.7985983982028553,
        0.7592083107676578
    ],
    "lr": [
        0.0010000000474974513,
        0.0010000000474974513,
        0.0010000000474974513,
        0.0010000000474974513,
        0.0010000000474974513,
        0.0010000000474974513,
        0.0010000000474974513,
        0.0010000000474974513,
        0.0010000000474974513,
        0.0010000000474974513
    ],
    "val_dense_consonant_accuracy": [
        0.8629112243652344,
        0.9398533701896667,
        0.954815685749054,
        0.9664090275764465,
        0.9686880707740784,
        0.9722056984901428,
        0.9683164954185486,
        0.9752526879310608,
        0.9763426184654236,
        0.9767885208129883
    ],
    "val_dense_consonant_loss": [
        0.4011935591697693,
        0.18946248292922974,
        0.14538928866386414,
        0.11097833514213562,
        0.10315179079771042,
        0.09425206482410431,
        0.10210074484348297,
        0.08259538561105728,
        0.08221742510795593,
        0.08136798441410065
    ],
    "val_dense_root_accuracy": [
        0.26347601413726807,
        0.7309255003929138,
        0.8357362151145935,
        0.8750247955322266,
        0.8909037113189697,
        0.9007877707481384,
        0.9022988677024841,
        0.9105727076530457,
        0.9204568266868591,
        0.920407235622406
    ],
    "val_dense_root_loss": [
        2.7113988399505615,
        0.9097833633422852,
        0.5794561505317688,
        0.44660428166389465,
        0.3936794400215149,
        0.3512926995754242,
        0.3543577492237091,
        0.3225058913230896,
        0.29382213950157166,
        0.2930538058280945
    ],
    "val_dense_vowel_accuracy": [
        0.8496086001396179,
        0.9286563396453857,
        0.952462375164032,
        0.9646750092506409,
        0.9654924869537354,
        0.972403883934021,
        0.9717845916748047,
        0.9743608832359314,
        0.9718589186668396,
        0.9755251407623291
    ],
    "val_dense_vowel_loss": [
        0.4463968276977539,
        0.22528360784053802,
        0.16613683104515076,
        0.13074031472206116,
        0.1260632574558258,
        0.10834349691867828,
        0.10676237940788269,
        0.09909220039844513,
        0.10519486665725708,
        0.09617500752210617
    ],
    "val_loss": [
        3.55931330010667,
        1.32475614524105,
        0.8913781946252558,
        0.6884927348253324,
        0.623358907288046,
        0.5541060096301874,
        0.5635323424661532,
        0.5041783979805603,
        0.48122791958337163,
        0.4708208830593788
    ]
}