{
    "dense_consonant_accuracy": [
        0.7215107083320618,
        0.8745474815368652,
        0.914894700050354,
        0.9309779405593872,
        0.9401989579200745,
        0.9458854794502258,
        0.949377179145813,
        0.9515933394432068,
        0.9554556608200073,
        0.9570518732070923,
        0.9589402079582214,
        0.9610637426376343,
        0.9624889492988586,
        0.9642633199691772,
        0.9653536081314087,
        0.9665079712867737,
        0.9671778082847595,
        0.9690733551979065,
        0.9692016243934631,
        0.9697360396385193,
        0.9715318083763123,
        0.971125602722168,
        0.9717313051223755,
        0.9730424880981445,
        0.9730424880981445,
        0.97379070520401,
        0.9749308824539185,
        0.9748097658157349,
        0.9755722284317017,
        0.9755223393440247
    ],
    "dense_consonant_loss": [
        0.8155717849731445,
        0.38407641649246216,
        0.2650803327560425,
        0.21825172007083893,
        0.19064287841320038,
        0.1743590384721756,
        0.16393707692623138,
        0.15457572042942047,
        0.14422573149204254,
        0.14014190435409546,
        0.13339120149612427,
        0.12755542993545532,
        0.12275134027004242,
        0.11658976972103119,
        0.11673644930124283,
        0.11045309156179428,
        0.10770781338214874,
        0.10366824269294739,
        0.10018305480480194,
        0.0999603196978569,
        0.09397757053375244,
        0.09355483204126358,
        0.0924154743552208,
        0.08853152394294739,
        0.08760581165552139,
        0.08733661472797394,
        0.08121133595705032,
        0.08167317509651184,
        0.08008655160665512,
        0.07951781153678894
    ],
    "dense_root_accuracy": [
        0.10613046586513519,
        0.5047743916511536,
        0.7183393836021423,
        0.7890288829803467,
        0.8237821459770203,
        0.8422526717185974,
        0.8558775186538696,
        0.8664951920509338,
        0.8763503432273865,
        0.8832839131355286,
        0.8876307606697083,
        0.8937733173370361,
        0.897599995136261,
        0.9026095271110535,
        0.9063221216201782,
        0.9095074534416199,
        0.9116095900535583,
        0.9173317551612854,
        0.9173317551612854,
        0.921963632106781,
        0.9248425364494324,
        0.9269232749938965,
        0.9282344579696655,
        0.9293888807296753,
        0.9330088496208191,
        0.9344340562820435,
        0.9362939596176147,
        0.9364150762557983,
        0.9387666583061218,
        0.9397215247154236
    ],
    "dense_root_loss": [
        3.9675323963165283,
        1.7821485996246338,
        0.9981640577316284,
        0.7511402368545532,
        0.6266908049583435,
        0.5539420247077942,
        0.5108760595321655,
        0.47059640288352966,
        0.43449077010154724,
        0.40922704339027405,
        0.39307352900505066,
        0.36934587359428406,
        0.35810622572898865,
        0.33697012066841125,
        0.3222927451133728,
        0.3147532641887665,
        0.3041857182979584,
        0.28549274802207947,
        0.2827188968658447,
        0.26910847425460815,
        0.2564939558506012,
        0.24542336165905,
        0.24367119371891022,
        0.23959414660930634,
        0.22788555920124054,
        0.22078223526477814,
        0.21501240134239197,
        0.21158957481384277,
        0.20435406267642975,
        0.20287300646305084
    ],
    "dense_vowel_accuracy": [
        0.6090192198753357,
        0.8261693716049194,
        0.8815736770629883,
        0.9072484970092773,
        0.9194552898406982,
        0.9266738891601562,
        0.9309423565864563,
        0.9355314373970032,
        0.9397785067558289,
        0.9405837655067444,
        0.9435268044471741,
        0.9460992217063904,
        0.9471111297607422,
        0.9505529999732971,
        0.9516717791557312,
        0.9538950324058533,
        0.9531895518302917,
        0.9558119177818298,
        0.9554057717323303,
        0.9575293064117432,
        0.9582775235176086,
        0.9595815539360046,
        0.9593321681022644,
        0.9603012800216675,
        0.9615554809570312,
        0.9631018042564392,
        0.9635649919509888,
        0.96250319480896,
        0.9649046659469604,
        0.9638357758522034
    ],
    "dense_vowel_loss": [
        1.1389315128326416,
        0.5391870141029358,
        0.3824971616268158,
        0.3068384826183319,
        0.27004826068878174,
        0.2471068650484085,
        0.23452213406562805,
        0.2196618616580963,
        0.20518113672733307,
        0.2002866119146347,
        0.19365063309669495,
        0.18618535995483398,
        0.17943264544010162,
        0.1698225736618042,
        0.16585002839565277,
        0.15852417051792145,
        0.15979476273059845,
        0.15080401301383972,
        0.1512243151664734,
        0.14430966973304749,
        0.1408977061510086,
        0.13861191272735596,
        0.13677282631397247,
        0.13507355749607086,
        0.12990720570087433,
        0.12576906383037567,
        0.12461814284324646,
        0.12509621679782867,
        0.12006296217441559,
        0.12199517339468002
    ],
    "loss": [
        5.92203290736089,
        2.702183396895833,
        1.644064786683377,
        1.2760596067240861,
        1.0872236374346522,
        0.9751542021909312,
        0.9092411267744843,
        0.8443780018089061,
        0.7840516006777007,
        0.749506755911957,
        0.719635594942121,
        0.6824718090343669,
        0.6592158327331545,
        0.6234017364268557,
        0.6041664680807919,
        0.583796283237353,
        0.5712685777633169,
        0.5397023402397184,
        0.5340909126193419,
        0.5126849938814444,
        0.4913614196211998,
        0.4773733536873563,
        0.4731273399192632,
        0.46321958672890584,
        0.4455604842785055,
        0.43373390496111824,
        0.4208167215716155,
        0.41851027773838306,
        0.40443759654078837,
        0.4042856346255061
    ],
    "lr": [
        0.0010000000474974513,
        0.0010000000474974513,
        0.0010000000474974513,
        0.0010000000474974513,
        0.0010000000474974513,
        0.0010000000474974513,
        0.0010000000474974513,
        0.0010000000474974513,
        0.0010000000474974513,
        0.0010000000474974513,
        0.0010000000474974513,
        0.0010000000474974513,
        0.0010000000474974513,
        0.0010000000474974513,
        0.0010000000474974513,
        0.0010000000474974513,
        0.0010000000474974513,
        0.0010000000474974513,
        0.0010000000474974513,
        0.0010000000474974513,
        0.0010000000474974513,
        0.0010000000474974513,
        0.0010000000474974513,
        0.0010000000474974513,
        0.0010000000474974513,
        0.0010000000474974513,
        0.0010000000474974513,
        0.0010000000474974513,
        0.0010000000474974513,
        0.0010000000474974513
    ],
    "val_dense_consonant_accuracy": [
        0.8759413361549377,
        0.9416865110397339,
        0.9590269327163696,
        0.9639565944671631,
        0.9669292569160461,
        0.9734442830085754,
        0.9724782109260559,
        0.9743360877037048,
        0.9761444926261902,
        0.9755004048347473,
        0.9771105647087097,
        0.9771848917007446,
        0.9783492088317871,
        0.9780023694038391,
        0.9794391393661499,
        0.9790180325508118,
        0.9792905449867249,
        0.9798603057861328,
        0.9799841642379761,
        0.9813961386680603,
        0.9823622703552246,
        0.9811484217643738,
        0.9827833771705627,
        0.9820650219917297,
        0.9820154309272766,
        0.9831797480583191,
        0.9832292795181274,
        0.9824861288070679,
        0.9840220212936401,
        0.9838485717773438
    ],