{
    "dense_consonant_accuracy": [
        0.6732695698738098,
        0.7975515127182007,
        0.874305248260498,
        0.9049682021141052,
        0.922156035900116,
        0.9322535395622253,
        0.9390659332275391,
        0.9441182613372803,
        0.9472109079360962,
        0.9492204189300537
    ],
    "dense_consonant_loss": [
        0.9953009486198425,
        0.5957304239273071,
        0.3904564380645752,
        0.3004281520843506,
        0.24863918125629425,
        0.21867524087429047,
        0.19822506606578827,
        0.18327566981315613,
        0.17284910380840302,
        0.1655389815568924
    ],
    "dense_root_accuracy": [
        0.03847905248403549,
        0.12092751264572144,
        0.39742183685302734,
        0.6256377696990967,
        0.7322777509689331,
        0.7826226353645325,
        0.811953067779541,
        0.8306800723075867,
        0.8460151553153992,
        0.8544950485229492
    ],
    "dense_root_loss": [
        4.5421061515808105,
        3.62618350982666,
        2.1490285396575928,
        1.3158875703811646,
        0.9543611407279968,
        0.7792218923568726,
        0.6722336411476135,
        0.6025532484054565,
        0.5541505217552185,
        0.520241379737854
    ],
    "dense_vowel_accuracy": [
        0.5447333455085754,
        0.7455320358276367,
        0.8219864368438721,
        0.8689536452293396,
        0.8933529257774353,
        0.9080323576927185,
        0.9171251058578491,
        0.9242154359817505,
        0.9284767508506775,
        0.9311062097549438
    ],
    "dense_vowel_loss": [
        1.3173496723175049,
        0.7731503844261169,
        0.5639528632164001,
        0.4268471598625183,
        0.3528481721878052,
        0.31139662861824036,
        0.28183549642562866,
        0.26079729199409485,
        0.24272866547107697,
        0.23820257186889648
    ],
    "loss": [
        6.854758623084953,
        4.993906535414012,
        3.101654110634962,
        2.0426791149537693,
        1.554775494546224,
        1.3080270538083254,
        1.1522511129378186,
        1.0460114837885481,
        0.9699809278063093,
        0.9235987580359751
    ],
    "lr": [
        0.0010000000474974513,
        0.0010000000474974513,
        0.0010000000474974513,
        0.0010000000474974513,
        0.0010000000474974513,
        0.0010000000474974513,
        0.0010000000474974513,
        0.0010000000474974513,
        0.0010000000474974513,
        0.0010000000474974513
    ],
    "val_dense_consonant_accuracy": [
        0.7836900353431702,
        0.8933065533638,
        0.9370293021202087,
        0.9560790657997131,
        0.9611573815345764,
        0.9682173728942871,
        0.9688367247581482,
        0.9707937240600586,
        0.9730727076530457,
        0.9750792980194092
    ],
    "val_dense_consonant_loss": [
        0.6336855292320251,
        0.3228392004966736,
        0.21040745079517365,
        0.14562678337097168,
        0.12574224174022675,
        0.10804753005504608,
        0.10259624570608139,
        0.09970638155937195,
        0.09535680711269379,
        0.08758287876844406
    ],
    "val_dense_root_accuracy": [
        0.0754062607884407,
        0.27355825901031494,
        0.6632233262062073,
        0.8159433007240295,
        0.8579815626144409,
        0.8872869610786438,
        0.8967499136924744,
        0.9021254181861877,
        0.9083184599876404,
        0.9163693785667419
    ],
    "val_dense_root_loss": [
        3.97465181350708,
        2.5411534309387207,
        1.1328694820404053,
        0.6262948513031006,
        0.4973473846912384,
        0.3987995386123657,
        0.36707693338394165,
        0.35524845123291016,
        0.3323417901992798,
        0.29995959997177124
    ],
    "val_dense_vowel_accuracy": [
        0.7626833319664001,
        0.8770065307617188,
        0.9274672865867615,
        0.952115535736084,
        0.9643529653549194,
        0.9687376022338867,
        0.9713882207870483,
        0.973964512348175,
        0.9728745818138123,
        0.9759215116500854
    ],
    "val_dense_vowel_loss": [
        0.7008441686630249,
        0.37833231687545776,
        0.2498498558998108,
        0.17087386548519135,
        0.13143081963062286,
        0.11517991870641708,
        0.11130130290985107,
        0.102852962911129,
        0.10301712155342102,
        0.09242173284292221
    ],
    "val_loss": [
        5.309696246270759,
        3.242658823291508,
        1.5933674535626605,
        0.9427823682082724,
        0.7547084143650329,
        0.6222139622217315,
        0.5810870500580451,
        0.5579818477008818,
        0.5310399105186931,
        0.4801450416156332
    ]
}