{
    "dense_consonant_accuracy": [
        0.7090804576873779,
        0.8005339503288269,
        0.8271109461784363,
        0.8352840542793274,
        0.8390360474586487,
        0.8392425179481506,
        0.8361384272575378,
        0.8338673114776611,
        0.8330414295196533,
        0.8301580548286438
    ],
    "dense_consonant_loss": [
        0.8482224345207214,
        0.5830042362213135,
        0.5128202438354492,
        0.49098557233810425,
        0.48068520426750183,
        0.4807240068912506,
        0.488582581281662,
        0.48957398533821106,
        0.4948359727859497,
        0.5011873245239258
    ],
    "dense_root_accuracy": [
        0.0680854395031929,
        0.23428022861480713,
        0.3507831394672394,
        0.40301865339279175,
        0.4265128970146179,
        0.43646588921546936,
        0.43598178029060364,
        0.43525558710098267,
        0.42600739002227783,
        0.4234159290790558
    ],
    "dense_root_loss": [
        4.290377140045166,
        3.0460422039031982,
        2.4683563709259033,
        2.2348110675811768,
        2.146637439727783,
        2.1038730144500732,
        2.1143057346343994,
        2.121692419052124,
        2.172473669052124,
        2.177278995513916
    ],
    "dense_vowel_accuracy": [
        0.6030922532081604,
        0.7432436347007751,
        0.7722696661949158,
        0.7865584492683411,
        0.782863438129425,
        0.7898262739181519,
        0.7835255861282349,
        0.7842588424682617,
        0.773358941078186,
        0.7733305096626282
    ],
    "dense_vowel_loss": [
        1.1601922512054443,
        0.7739391326904297,
        0.6917765140533447,
        0.6528014540672302,
        0.6584819555282593,
        0.6418158411979675,
        0.6550992727279663,
        0.657509446144104,
        0.6851291060447693,
        0.6836275458335876
    ],
    "loss": [
        6.298793591653932,
        4.402907525225105,
        3.6724705827010418,
        3.3786626958242767,
        3.2857214298272734,
        3.226847185403486,
        3.2577419744874785,
        3.268934523018782,
        3.3526267067991937,
        3.3619518240513533
    ],
    "lr": [
        0.0010000000474974513,
        0.0010000000474974513,
        0.0010000000474974513,
        0.0010000000474974513,
        0.0010000000474974513,
        0.0010000000474974513,
        0.0010000000474974513,
        0.0010000000474974513,
        0.0010000000474974513,
        0.0010000000474974513
    ],
    "val_dense_consonant_accuracy": [
        0.8364298343658447,
        0.8727704882621765,
        0.8934552073478699,
        0.8909037113189697,
        0.8897889256477356,
        0.8906311988830566,
        0.892315685749054,
        0.8968489766120911,
        0.8961306214332581,
        0.8854290246963501
    ],
    "val_dense_consonant_loss": [
        0.48772817850112915,
        0.382463663816452,
        0.32585570216178894,
        0.3312280476093292,
        0.33406737446784973,
        0.3306327164173126,
        0.3227328956127167,
        0.3099788427352905,
        0.31464046239852905,
        0.3478999137878418
    ],
    "val_dense_root_accuracy": [
        0.18888723850250244,
        0.3764120042324066,
        0.5029973983764648,
        0.5383719801902771,
        0.5536563396453857,
        0.5500396490097046,
        0.5360929369926453,
        0.5643826723098755,
        0.5596759915351868,
        0.5287851691246033
    ],
    "val_dense_root_loss": [
        3.2329599857330322,
        2.273505210876465,
        1.7730743885040283,
        1.6441220045089722,
        1.594468116760254,
        1.5928789377212524,
        1.6512198448181152,
        1.5545397996902466,
        1.564191460609436,
        1.7017196416854858
    ],
    "val_dense_vowel_accuracy": [
        0.8168103694915771,
        0.8525317311286926,
        0.8751981854438782,
        0.8745293021202087,
        0.8759908676147461,
        0.8779973983764648,
        0.8796323537826538,
        0.8806480169296265,
        0.8841904401779175,
        0.8714823722839355
    ],
    "val_dense_vowel_loss": [
        0.5677709579467773,
        0.46157780289649963,
        0.39868202805519104,
        0.3925923705101013,
        0.3993154764175415,
        0.37874823808670044,
        0.37821894884109497,
        0.3871045708656311,
        0.3788502514362335,
        0.4149036109447479
    ],
    "val_loss": [
        4.28889195766895,
        3.117487016765551,
        2.4973107050488594,
        2.368364382961937,
        2.3272355882317313,
        2.3015145193335087,
        2.351386879154769,
        2.251645072981615,
        2.2570036171071357,
        2.463969171023586
    ]
}