{
    "dense_consonant_accuracy": [
        0.6368610262870789,
        0.6689804792404175,
        0.6399829387664795,
        0.6249038577079773,
        0.624896764755249,
        0.6249537467956543,
        0.6248682737350464,
        0.6250676512718201,
        0.6249323487281799,
        0.6252028942108154
    ],
    "dense_consonant_loss": [
        1.0841201543807983,
        0.9503790736198425,
        1.1431831121444702,
        1.2195652723312378,
        1.2172669172286987,
        1.2149431705474854,
        1.213241696357727,
        1.2117148637771606,
        1.2115821838378906,
        1.2108975648880005
    ],
    "dense_root_accuracy": [
        0.03864981606602669,
        0.07310266047716141,
        0.04020361602306366,
        0.022554464638233185,
        0.024170583114027977,
        0.022853480651974678,
        0.023458635434508324,
        0.023850206285715103,
        0.0246262289583683,
        0.0240851491689682
    ],
    "dense_root_loss": [
        4.606263160705566,
        4.230986595153809,
        4.6494903564453125,
        4.848083972930908,
        4.842711448669434,
        4.8378214836120605,
        4.835970401763916,
        4.83688497543335,
        4.8367390632629395,
        4.8377885818481445
    ],
    "dense_vowel_accuracy": [
        0.4584329426288605,
        0.5459205508232117,
        0.30104655027389526,
        0.18840239942073822,
        0.18891499936580658,
        0.1895771026611328,
        0.19337889552116394,
        0.19251032173633575,
        0.19272390007972717,
        0.19368503987789154
    ],
    "dense_vowel_loss": [
        1.5273164510726929,
        1.2917734384536743,
        1.906569480895996,
        2.167330265045166,
        2.162139415740967,
        2.1591644287109375,
        2.156231641769409,
        2.155449390411377,
        2.1547598838806152,
        2.1535544395446777
    ],
    "loss": [
        7.2176994369763925,
        6.472977868549576,
        7.700055640670253,
        8.235119321267183,
        8.222207578240544,
        8.211836194442103,
        8.205529353578902,
        8.204032714927399,
        8.203207185569523,
        8.202208508118492
    ],
    "lr": [
        0.0020000000949949026,
        0.0020000000949949026,
        0.0020000000949949026,
        0.0020000000949949026,
        0.0020000000949949026,
        0.0020000000949949026,
        0.0020000000949949026,
        0.0020000000949949026,
        0.0020000000949949026,
        0.0020000000949949026
    ],
    "val_dense_consonant_accuracy": [
        0.6815051436424255,
        0.7005549073219299,
        0.6201198697090149,
        0.6201198697090149,
        0.6201198697090149,
        0.6201198697090149,
        0.6201198697090149,
        0.6201198697090149,
        0.6201198697090149,
        0.6201198697090149
    ],
    "val_dense_consonant_loss": [
        0.899556040763855,
        0.8367127180099487,
        1.2156497240066528,
        1.2164512872695923,
        1.2202110290527344,
        1.2051836252212524,
        1.221177577972412,
        1.219954490661621,
        1.240153193473816,
        1.2108579874038696
    ],
    "val_dense_root_accuracy": [
        0.06975822150707245,
        0.08291220664978027,
        0.027199761942029,
        0.025069361552596092,
        0.022121481597423553,
        0.022121481597423553,
        0.025069361552596092,
        0.02992469258606434,
        0.027199761942029,
        0.017464328557252884
    ],
    "val_dense_root_loss": [
        4.162173271179199,
        3.9812722206115723,
        4.851775169372559,
        4.812920093536377,
        4.8135199546813965,
        4.83963680267334,
        4.798985481262207,
        4.835487365722656,
        4.793559551239014,
        4.825561046600342
    ],
    "val_dense_vowel_accuracy": [
        0.656708300113678,
        0.6461058259010315,
        0.20446889102458954,
        0.18390804529190063,
        0.18390804529190063,
        0.20446889102458954,
        0.20446889102458954,
        0.18390804529190063,
        0.18390804529190063,
        0.20446889102458954
    ],
    "val_dense_vowel_loss": [
        0.9849834442138672,
        0.9886292219161987,
        2.1879923343658447,
        2.1684694290161133,
        2.17213773727417,
        2.1470179557800293,
        2.164522409439087,
        2.1729063987731934,
        2.179835796356201,
        2.177403211593628
    ],
    "val_loss": [
        6.046547370159196,
        5.8065638186862625,
        8.2560338830362,
        8.19818453272798,
        8.206153001002834,
        8.191980067104561,
        8.185025183775574,
        8.228697670956619,
        8.213778530185865,
        8.214326439516157
    ]
}